Запрос,Частотность в мес.,Частотность в нед.,"Изменение мес/мес, %","Изменение нед/нед, %",Приоритетная категория,1 место,2 место,3 место,4 место,5 место,"Объем продаж категории, руб"
﻿кроссовки женские,6 414 114,1 525 299
платье женское,5 308 624,1 075 258,,,(ID) 69 - Платье,622,621,620,600,512,
джинсы женские,4 503 782,946 379,,,(ID) 180 - Джинсы,1112,1111,1110,650,563,
футболка женская,4 051 510,963 668,,,(ID) 192 - Футболка Женская,401,400,219,180,138,
куртка женская весна,3 935 593,543 122,,,(ID) 168 - Куртка,1349,1349,1348,1347,1346,
сумка женская,3 595 582,704 690,,,(ID) 50 - Сумка,792,790,690,653,600,
кроссовки мужские,3 492 456,821 652,,,(ID) 105 - Кроссовки,307,306,300,292,215,
кроссовки,2 643 858,660 037,,,(ID) 105 - Кроссовки,400,300,300,292,215,
befree,2 271 397,466 911
топ женский,2 226 220,494 199,,,(ID) 185 - Топ,500,471,471,470,461,
платье,2 197 472,470 039,,,(ID) 69 - Платье,602,602,601,600,511,
чехол на iphone 11,2 160 991,439 479,,,(ID) 390 - Чехол для телефона,1005,431,430,430,321,
трусы женские,2 135 751,443 190,,,(ID) 133 - Трусы Женские,4599,1956,1956,1956,1956,
джинсы,2 128 929,442 008,,,(ID) 180 - Джинсы,1500,1000,800,600,600,
твое,2 120 272,413 462
zarina,2 096 233,413 181
спортивный костюм женский,2 020 976,458 364,,,(ID) 4853 - Спортивный Костюм Женский,504,502,501,501,500,
рубашка женская,1 999 915,406 305,,,(ID) 184 - Рубашка,1201,930,665,661,609,
футболка мужская,1 994 307,461 128,,,(ID) 192 - Футболка Мужская,3000,914,913,698,459,
брюки женские,1 917 223,411 700,,,(ID) 11 - Брюки Женские,1608,1402,1401,1284,903,
топ,1 911 838,407 822,,,(ID) 185 - Топ,471,471,470,460,455,
пижама женская,1 890 670,340 645,,,(ID) 162 - Пижама Женская,1981,1231,1211,1158,1158,
gloria jeans,1 881 615,418 056
костюм женский,1 822 535,385 256
лонгслив женский,1 819 608,374 792,,,(ID) 217 - Лонгслив,803,801,800,785,660,
туфли женские,1 789 636,387 496,,,(ID) 100 - Туфли,451,363,362,357,351,
блузка женская,1 706 219,350 867,,,(ID) 41 - Блузка,708,703,702,701,700,
adidas,1 690 527,373 415
юбка женская,1 620 520,332 796,,,(ID) 38 - Юбка Женская,652,651,650,632,631,
футболка,1 603 343,325 418,,,(ID) 192 - Футболка,653,556,556,555,555,
лоферы женские,1 558 015,369 619,,,(ID) 1664 - Лоферы,585,584,584,432,431,
кофта женская,1 494 011,282 479,,,(ID) 161 - Кофта,1012,1000,1000,319,318,
купальник женский,1 476 362,343 789,,,(ID) 89 - Раздельный купальник,651,650,649,640,640,
zara,1 435 495,275 839
nike,1 400 656,289 191
наушники беспроводные,1 395 789,304 292,,,(ID) 593 - Наушники,1464,1463,1462,1461,1440,
шорты женские,1 378 252,332 772
картина по номерам,1 363 880,253 291,,,(ID) 4144 - Картина По Номерам,560,451,450,412,410,
пальто женское весна,1 358 137,150 465,,,(ID) 170 - Пальто,1301,1300,1187,1185,1185,
ботинки женские весна,1 351 683,156 552,,,(ID) 94 - Ботинки,508,506,506,504,491,
love republic,1 348 746,280 290
сумка,1 331 748,273 959,,,(ID) 50 - Сумка,750,552,413,355,351,
лонгслив,1 321 985,278 355,,,(ID) 217 - Лонгслив,814,800,701,551,500,
босоножки женские,1 299 138,323 199,,,(ID) 93 - Босоножки,400,394,393,376,376,
кеды женские,1 296 361,315 175,,,(ID) 104 - Кеды Женские,430,397,370,369,351,
косметика,1 284 968,229 820,,,(ID) 360 - Маска косметическая,261,251,250,229,180,
пиджак женский,1 269 735,269 515,,,(ID) 149 - Пиджак,1506,1371,772,771,769,
пальто женское,1 260 188,155 306,,,(ID) 170 - Пальто,1188,1187,1184,1177,1148,
футболка оверсайз,1 245 005,278 306,,,(ID) 192 - Футболка Оверсайз,7801,1000,585,500,500,
постельное белье,1 212 086,281 479,,,(ID) 197 - Постельное белье,589,588,587,555,550,
носки женские,1 208 942,265 742,,,(ID) 212 - Носки Женские,4005,2101,1201,1200,1163,
сумка женская через плечо,1 176 144,180 197,,,(ID) 50 - Сумка,925,892,890,890,890,
худи,1 150 655,234 367,,,(ID) 1724 - Худи,623,530,526,373,372,
очки солнцезащитные женские,1 138 756,245 402,,,(ID) 59 - Очки Солнцезащитные Женские,351,346,318,311,303,
жилетка женская,1 116 721,324 553
купальник,1 093 455,241 640,,,(ID) 89 - Раздельный купальник,640,636,600,600,600,
серьги,1 067 691,216 271,,,(ID) 207 - Ювелирные серьги,1398,1398,1398,530,500,
mango,1 061 852,223 406
боди женское,1 061 095,212 070,,,(ID) 75 - Боди,904,900,752,601,379,
bershka,1 055 017,192 984
sela,1 047 105,228 642
юбка,1 041 730,212 078,,,(ID) 38 - Юбка,652,651,650,635,596,
бомбер женский,1 039 862,249 698,,,(ID) 1635 - Бомбер Женский,939,817,816,815,815,
джинсы мужские,1 034 414,224 933,,,(ID) 180 - Джинсы,1822,1822,1822,1822,1821,
рюкзак женский,1 019 151,213 470,,,(ID) 138 - Рюкзак,1002,1001,1001,1000,924,
платье летнее,974 519,245 646,,,(ID) 69 - Платье,800,622,622,621,513,
шорты,970 975,232 220,,,(ID) 151 - Шорты,800,714,705,704,703,
ветровка женская,929 307,257 095,,,(ID) 172 - Ветровка,1347,504,503,502,453,
куртка женская,928 779,128 244,,,(ID) 168 - Куртка,1327,1323,1321,1320,1229,
кепка,924 050,229 023,,,(ID) 84 - Бейсболка,431,431,430,398,397,
чехол на iphone 13,919 163,187 475,,,(ID) 390 - Чехол для телефона,578,550,411,410,409,
консилер,917 204,206 249,,,(ID) 353 - Корректор,324,323,318,286,150,
блеск для губ,892 349,172 129,,,(ID) 349 - Блеск Для Губ,263,262,260,220,182,
костюм спортивный женский,889 435,203 285,,,(ID) 4853 - Костюм Спортивный Женский,600,509,501,501,500,
кроссовки для мальчика,882 456,253 268,,,(ID) 105 - Кроссовки,522,521,500,500,484,
платье для девочки,882 022,181 006,,,(ID) 69 - Платье,998,962,934,934,900,
тушь для ресниц,867 143,170 450,,,(ID) 347 - Тушь,1721,1700,555,554,536,
очки,864 193,198 314,,,(ID) 59 - Солнцезащитные очки,311,161,161,130,120,
очки солнцезащитные,846 725,198 320,,,(ID) 59 - Очки Солнцезащитные,311,301,301,169,161,
кардиган женский,846 471,184 823,,,(ID) 191 - Кардиган Женский,790,553,552,551,424,
zolla,840 950,172 619
наушники,837 524,179 323,,,(ID) 593 - Наушники,4668,1268,996,982,973,
шторы,833 653,197 613,,,(ID) 451 - Шторы интерьерные,1933,1810,1000,952,750,
свитшот женский,832 375,167 957,,,(ID) 159 - Свитшот,650,430,380,262,260,
трусы мужские,826 222,184 118,,,(ID) 133 - Трусы Мужские,1616,1274,1273,1261,1260,
платье вечернее,808 132,172 367,,,(ID) 69 - Платье,3700,801,801,733,514,
боди,806 526,160 927,,,(ID) 75 - Боди,378,200,176,170,150,
куртка,806 520,129 742,,,(ID) 2110 - Косуха,2069,2068,1377,150,122,
свитшот,806 417,162 087,,,(ID) 159 - Свитшот,406,405,265,264,258,
телефон,804 319,173 765,,,(ID) 515 - Смартфон,419,400,400,400,210,
xiaomi,800 400,171 848
косметичка,800 382,152 445
сумка через плечо,793 569,212 887,,,(ID) 50 - Сумка,927,852,851,792,750,
спортивный костюм мужской,791 247,173 274,,,(ID) 4853 - Спортивный Костюм Мужской,669,669,668,668,668,
брюки,789 489,158 689,,,(ID) 11 - Брюки,1300,904,900,800,799,
пальто,782 998,95 590
обувь женская,774 764,169 534,,,(ID) 105 - Кроссовки,567,150,150,130,100,
платье женское летнее,767 657,188 583,,,(ID) 69 - Платье,3700,620,605,514,513,
постельное белье 2 спальное,765 989,170 935,,,(ID) 197 - Постельное белье,593,593,591,591,590,
носки,765 482,165 362,,,(ID) 212 - Носки,5502,5500,2101,1222,1200,
ботинки женские,760 860,106 096,,,(ID) 94 - Ботинки Женские,505,482,480,400,352,
лоферы,755 711,176 880,,,(ID) 1664 - Лоферы,969,518,437,437,407,
халат женский,755 425,138 781,,,(ID) 2803 - Халат домашний,1014,1014,1011,956,851,
тренч женский,742 377,154 650,,,(ID) 193 - Тренчкот,1000,805,760,760,757,
кроссовки для девочки,741 396,209 058,,,(ID) 105 - Кроссовки,532,531,501,486,485,
шампунь для волос,738 004,155 993,,,(ID) 358 - Шампунь,0,0,0,1024,1024,
zara женское,737 519,147 789
алмазная мозаика,735 388,141 334,,,(ID) 6422 - Алмазная Мозаика,201,200,171,125,124,
нижнее белье женское комплект,733 430,149 096,,,(ID) 165 - Комплект белья,970,882,881,879,861,
пижама,733 395,140 441,,,(ID) 162 - Пижама,1979,1232,1163,1160,1155,
худи женское,733 103,161 801,,,(ID) 1724 - Худи,589,589,589,530,402,
рюкзак,732 913,151 319,,,(ID) 138 - Рюкзак,1125,1123,1100,1001,1000,
лампа для маникюра,731 934,59 927,,,(ID) 805 - Лампа Для Маникюра,978,975,351,164,134,
шорты мужские,731 841,183 030,,,(ID) 151 - Шорты,1151,1149,707,706,705,
спортивные штаны женские,720 876,161 802,,,(ID) 5204 - Брюки спортивные,304,304,303,303,244,
бюстгальтер женский,713 696,147 295,,,(ID) 76 - Бюстгальтер,907,907,906,901,900,
носки мужские,712 638,166 591,,,(ID) 212 - Носки,5502,5501,5500,2420,1642,
кроссовки nike,707 026,154 461
майка женская,706 125,157 444,,,(ID) 131 - Майка бельевая,350,350,201,171,170,
свитер женский,694 331,107 833,,,(ID) 163 - Свитер,924,923,920,920,919,
бальзам для губ,693 878,131 646,,,(ID) 377 - Бальзам,170,150,112,110,100,
кеды,693 645,164 955,,,(ID) 104 - Кеды,453,452,410,350,291,
водолазка женская,691 326,121 599,,,(ID) 153 - Водолазка,801,702,501,457,403,
тональный крем,690 744,145 974,,,(ID) 348 - Тональный крем,821,821,820,818,367,
футболка женская оверсайз,688 692,161 865,,,(ID) 192 - Футболка,552,551,545,514,512,
краска для волос,687 592,154 039,,,(ID) 435 - Краска для волос,538,538,351,350,350,
сандалии женские,681 495,173 996,,,(ID) 103 - Сандалии,150,150,117,116,109,
ремень женский,681 452,134 544,,,(ID) 51 - Ремень Женский,1652,680,679,679,662,
косуха женская,678 258,145 459,,,(ID) 2110 - Косуха,2069,2068,1384,1384,1383,
ваза для цветов,673 800,80 447,,,(ID) 223 - Ваза Для Цветов,109,103,102,100,63,
гель для душа,671 477,138 560,,,(ID) 363 - Гель,1352,1352,1351,1351,1351,
штаны,671 464,140 958,,,(ID) 11 - Брюки,1300,1001,852,822,801,
штаны женские,666 977,134 504,,,(ID) 11 - Штаны Женские,1300,1200,1001,905,800,
бомбер,666 966,157 866
тинт для губ,665 650,152 777,,,(ID) 1918 - Тинт Для Губ,351,286,285,105,105,
гель лак,660 920,137 103,,,(ID) 721 - Гель-лак,605,461,460,350,350,
кольцо,657 804,128 441,,,(ID) 54 - Ювелирное кольцо,1931,1930,1930,1930,581,
наклейки,657 209,140 204,,,(ID) 4143 - Наклейки для творчества,186,186,185,157,155,
чехол на iphone 12,652 898,130 008,,,(ID) 390 - Чехол для телефона,710,710,709,622,513,
перцовый баллончик,651 037,39 419,,,(ID) 1397 - Держатель для баллончиков,590,590,58,109,113,
lime,650 367,138 490
купальник женский раздельный,649 822,148 350,,,(ID) 89 - Раздельный купальник,662,660,657,656,651,
кепка женская,639 321,162 064,,,(ID) 84 - Бейсболка,501,500,500,431,430,
кошелек женский,633 367,118 917,,,(ID) 52 - Кошелек Женский,879,878,877,876,874,
крем для лица,631 263,124 046,,,(ID) 357 - Крем,7503,1002,1001,1000,771,
обложка на паспорт,631 170,131 636,,,(ID) 342 - Обложка,301,282,281,280,260,
пижама женская с шортами,621 329,130 744,,,(ID) 162 - Пижама,2073,1979,976,976,975,
джемпер женский,617 358,110 473,,,(ID) 161 - Кофта,1000,1000,1000,318,318,
сарафан женский летний,610 723,156 941,,,(ID) 70 - Сарафан,451,450,360,350,301,
вейп,610 244,123 196
кроп топ,608 357,134 431,,,(ID) 185 - Топ,1570,605,470,405,405,
crocs,598 791,130 030
велосипедки,594 449,137 430,,,(ID) 3835 - Велосипедки,1085,750,749,749,749,
карандаш для губ,594 436,116 670,,,(ID) 350 - Косметический карандаш,90,69,69,68,66,
кофта,594 251,112 234,,,(ID) 161 - Кофта,1000,1000,1000,203,119,
корсет,591 907,115 687,,,(ID) 74 - Корсет,302,299,298,200,164,
лампа для ногтей,584 772,3 952,,,(ID) 805 - Лампа Для Ногтей,976,164,134,130,128,
pull&bear,582 871,109 589
беспроводные наушники,581 436,126 777,,,(ID) 593 - Наушники,1052,1051,1051,1051,1051,
спортивные штаны,581 387,136 840
органайзер для косметики,580 438,116 267,,,(ID) 3734 - Органайзер для косметики,602,601,600,600,600,
iphone 14,578 128,132 349
толстовка женская,572 487,128 776,,,(ID) 233 - Толстовка,661,192,191,170,167,
вибратор,567 583,116 557,,,(ID) 5067 - Вибратор,1976,1701,1551,1550,1550,
помада,567 191,107 986,,,(ID) 344 - Помада,151,125,101,100,80,
верхняя одежда,566 600,101 273,,,(ID) 2110 - Косуха,2069,2068,900,501,151,
спортивный костюм,566 061,129 466,,,(ID) 4853 - Спортивный Костюм,3102,808,700,650,600,
зипка,565 536,117 210,,,(ID) 1724 - Худи,397,396,396,396,351,
комбинезон женский,558 834,135 392,,,(ID) 157 - Комбинезон,402,400,400,383,382,
куртка мужская весна,558 202,93 044,,,(ID) 168 - Куртка,3769,2416,2402,2399,2397,
зип худи,557 538,116 297,,,(ID) 1724 - Худи,398,397,397,396,396,
патчи для глаз,557 444,99 980,,,(ID) 3356 - Патчи,869,867,865,861,803,
гель для бровей,556 755,111 417,,,(ID) 4837 - Гель для бровей,522,521,520,512,504,
o'stin,556 685,113 540
кепка мужская,555 009,137 073,,,(ID) 84 - Бейсболка,601,599,513,401,400,
чайник электрический,554 799,119 632,,,(ID) 616 - Чайник Электрический,600,599,560,550,333,
кисти для макияжа,553 153,104 009,,,(ID) 437 - Кисти Для Макияжа,1500,970,969,969,968,
духи,549 902,109 369,,,(ID) 356 - Духи,1505,435,205,205,205,
маска для волос,546 466,121 160,,,(ID) 360 - Маска косметическая,0,0,0,1508,902,
блузка,542 124,107 861,,,(ID) 41 - Блузка,1337,710,710,640,639,
обои,540 293,118 287
куртка весенняя женская,537 756,59 915,,,(ID) 168 - Куртка,3770,3769,1674,1672,1672,
new balance,537 321,120 171
духи женские,537 104,106 095,,,(ID) 356 - Духи,1505,602,601,505,501,
хайлайтер,535 440,105 764,,,(ID) 1250 - Хайлайтер,253,252,251,245,152,
подарок на 8 марта,535 437,12 187,,,(ID) 403 - Косметический набор для ухода,260,201,200,154,153,
аппарат для маникюра,535 160,47 843,,,(ID) 3313 - Аппарат Для Маникюра,1705,905,903,750,551,
постельное белье евро,533 863,124 900,,,(ID) 197 - Постельное белье,602,601,600,600,599,
дезодорант женский,533 444,115 146,,,(ID) 385 - Дезодорант,413,413,413,412,411,
карго,533 077,122 595,,,(ID) 11 - Брюки,2000,1611,906,905,901,
iphone,531 220,117 153
кольца,529 685,103 496,,,(ID) 54 - Ювелирное кольцо,1930,1930,1930,507,501,
рубашка мужская,526 660,122 046,,,(ID) 184 - Рубашка Мужская,1105,1057,1056,952,909,
свитер,523 123,84 547,,,(ID) 163 - Свитер,923,920,919,850,601,
тюль,523 115,124 117,,,(ID) 1620 - Тюль,1300,1297,1279,1242,1240,
stradivarius,519 118,104 454
крем для рук,515 620,89 920,,,(ID) 357 - Крем,772,771,770,662,650,
футболки женские,515 033,119 893,,,(ID) 192 - Футболки Женские,400,351,350,300,274,
шлепки женские,513 366,122 696,,,(ID) 107 - Шлепки Женские,306,273,225,197,180,
плед,513 061,105 999,,,(ID) 321 - Плед,893,893,825,723,722,
худи мужское,512 466,98 785,,,(ID) 1724 - Худи,642,608,607,560,551,
увлажнитель воздуха,510 014,88 620,,,(ID) 639 - Увлажнитель Воздуха,1420,1407,872,870,867,
кондиционер для белья,509 494,111 698,,,(ID) 1079 - Кондиционер Для Белья,1042,1041,1039,558,558,
ветровка мужская,507 847,119 621,,,(ID) 168 - Куртка,1020,1000,1000,1000,1000,
жилет женский,507 669,47 286,,,(ID) 156 - Жилет,754,650,620,414,410,
туфли,507 448,107 433,,,(ID) 100 - Туфли,2490,372,371,358,355,
тушь,506 662,104 380
рубашка,506 116,101 978,,,(ID) 184 - Рубашка,665,661,611,609,603,
шампунь,502 687,106 713,,,(ID) 358 - Шампунь,1028,1027,1026,402,381,
колготки женские,497 905,98 941,,,(ID) 213 - Колготки,450,450,450,50,,
жилетка мужская,495 724,116 733,,,(ID) 156 - Жилет,1068,954,953,953,951,
лосины женские,495 502,103 702,,,(ID) 148 - Леггинсы,1362,1162,975,950,872,
guess,495 368,95 916
nike кроссовки,495 291,113 045
кардиган,492 784,94 330,,,(ID) 191 - Кардиган,1210,1200,725,725,725,
кеды мужские,492 029,116 894,,,(ID) 104 - Кеды Мужские,459,458,454,452,440,
комплект нижнего белья,491 141,99 229,,,(ID) 165 - Комплект белья,1020,1002,1002,1001,1001,
сумки женские,490 002,96 427,,,(ID) 50 - Сумка,910,895,850,850,781,
брюки карго,489 815,113 570,,,(ID) 11 - Брюки,2000,1618,1611,1600,1514,
босоножки,489 300,117 079,,,(ID) 93 - Босоножки,457,403,401,400,400,
маска для лица,487 155,92 125,,,(ID) 360 - Маска косметическая,555,512,456,324,304,
ваза,486 499,68 039
куртка мужская,485 933,80 046,,,(ID) 168 - Куртка,3770,3769,2505,2403,2402,
постельное белье 1.5,484 039,107 784,,,(ID) 197 - Постельное белье,469,465,308,307,221,
часы,480 186,98 910,,,(ID) 787 - Смарт-часы,1141,391,390,350,300,
пасха,477 765,158 435,,,(ID) 3407 - Орехи в глазури,52,80,51,51,50,
часы мужские,477 610,96 717,,,(ID) 787 - Смарт-часы,391,390,360,300,271,
шоппер,477 580,97 788,,,(ID) 2318 - Сумка хозяйственная,500,488,486,485,485,
трусы женские набор,477 205,99 733,,,(ID) 133 - Трусы,4610,2548,2547,2547,2545,
тени для век,475 495,88 308,,,(ID) 346 - Тени Для Век,800,756,755,551,353,
обувь женская весна,473 549,71 816,,,(ID) 94 - Ботинки,491,480,358,303,300,
гель для стирки,471 971,104 460,,,(ID) 1080 - Гель для стирки,1567,1566,1566,1564,1551,
сухой шампунь,471 718,100 118,,,(ID) 1661 - Сухой Шампунь,614,614,581,162,160,
твое женское,471 544,97 218
туника женская,471 282,98 461,,,(ID) 150 - Туника Женская,850,802,750,305,303,
туфли женские на каблуке,470 225,111 543,,,(ID) 100 - Туфли,458,458,457,451,373,
шапка женская весна,469 495,54 534,,,(ID) 82 - Шапка,1290,1285,1280,1278,1278,
часы женские,468 839,90 405,,,(ID) 60 - Часы наручные,638,430,401,251,250,
платья женские,468 298,93 694,,,(ID) 69 - Платье,825,824,822,800,516,
леггинсы,466 985,95 701,,,(ID) 148 - Леггинсы,976,975,874,873,872,
футболка для мальчика,466 476,108 443,,,(ID) 192 - Футболка Для Мальчика,653,421,420,412,411,
фонарик,464 709,24 928,,,(ID) 504 - Фонарь спортивный,2189,2189,2188,1105,1105,
ikea,461 392,98 424
puma,460 170,106 094
стулья для кухни,459 612,103 624,,,(ID) 1714 - Стул,1082,1076,1076,1002,1001,
светодиодная лента,457 227,96 009,,,(ID) 3534 - Светодиодная Лента,593,592,591,555,511,
пудра для лица,456 969,99 558,,,(ID) 352 - Пудра,540,243,241,237,236,
крабик для волос,456 827,101 067,,,(ID) 1853 - Краб,785,370,361,274,273,
плащ женский,456 492,112 220,,,(ID) 171 - Плащ Женский,860,802,690,616,615,
сумка багет,456 423,95 961,,,(ID) 50 - Сумка,895,850,850,761,760,
кожаная куртка женская,455 905,105 869,,,(ID) 2110 - Косуха,1607,1511,1403,1402,1401,
бюстгальтер,453 867,95 287,,,(ID) 76 - Бюстгальтер,906,901,900,886,700,
органайзер,452 934,92 096,,,(ID) 3734 - Органайзер для косметики,476,361,310,252,250,
зубная паста,452 420,99 428,,,(ID) 438 - Зубная Паста,1100,1099,1098,1098,1004,
платье летнее женское,451 763,110 478,,,(ID) 69 - Платье,804,803,700,607,606,
комод,450 228,98 103,,,(ID) 1503 - Комод,504,501,337,208,101,
планшет,446 544,93 732,,,(ID) 517 - Планшет,140,139,138,137,136,
пенал,446 064,85 767,,,(ID) 311 - Пенал,351,304,303,276,196,
vivienne sabo,442 458,91 561
iphone 11,442 184,101 103
телевизор,441 454,90 150,,,(ID) 2819 - Телевизор,609,51,,,,
бутылка для воды,440 974,92 285,,,(ID) 384 - Бутылка для воды,767,766,765,765,419,
sela женская,439 564,94 943
тапочки женские,439 523,85 450,,,(ID) 106 - Тапочки Женские,750,731,730,624,613,
накладные ногти,439 063,92 671,,,(ID) 456 - Накладные Ногти,643,371,370,333,259,
фонарь,438 355,9 526,,,(ID) 504 - Фонарь спортивный,2217,2189,1105,1103,1100,
футболка для девочки,438 137,97 448,,,(ID) 192 - Футболка,450,400,400,355,328,
база под макияж,437 578,93 889,,,(ID) 354 - База Под Макияж,422,410,388,386,102,
футболки,437 577,96 106,,,(ID) 192 - Футболки,600,524,450,425,400,
купальник слитный,435 674,95 475
adidas кроссовки,433 740,105 132
iphone 13,432 657,81 190
смартфон,429 473,94 878,,,(ID) 515 - Смартфон,419,400,400,400,250,
штаны карго,429 415,109 430
аксессуары,428 719,98 642
протеин,426 336,95 234,,,(ID) 1111 - Протеин,3267,502,501,420,320,
ветровка,423 781,100 310,,,(ID) 172 - Ветровка,705,700,502,500,460,
h&m,422 738,74 777
платья и сарафаны,422 264,89 510,,,(ID) 69 - Платье,902,804,713,605,576,
расческа для волос,421 029,89 153,,,(ID) 500 - Расческа,391,352,339,268,260,
чехол на iphone xr,420 127,86 817,,,(ID) 390 - Чехол для телефона,254,254,254,200,167,
резинки для волос,420 043,90 871,,,(ID) 501 - Резинки Для Волос,1803,723,722,550,521,
джинсы клеш,419 416,86 223,,,(ID) 180 - Джинсы,1000,959,950,950,901,
карго женские,416 934,99 712,,,(ID) 11 - Брюки,2000,1792,1614,1613,1611,
трусы,416 169,88 238,,,(ID) 133 - Трусы,4610,4610,2533,1915,1915,
сережки,415 155,81 939,,,(ID) 207 - Ювелирные серьги,1399,1399,1399,532,530,
лоферы женские натуральная кожа,414 721,103 538,,,(ID) 1664 - Лоферы,717,715,453,409,353,
толстовка,413 637,88 660,,,(ID) 233 - Толстовка,299,234,157,151,135,
спортивные штаны мужские,413 300,94 825,,,(ID) 5204 - Брюки спортивные,604,602,602,602,601,
брюки мужские,412 084,94 969,,,(ID) 11 - Брюки Мужские,1705,1704,1704,1703,1168,
джинсовая юбка,411 695,101 152,,,(ID) 38 - Юбка,498,497,460,404,404,
кружка,408 939,77 208,,,(ID) 812 - Кружка,577,577,577,577,458,
скраб для тела,408 653,83 858,,,(ID) 361 - Скраб,1833,1831,1831,1601,1600,
джоггеры женские,408 565,93 435,,,(ID) 180 - Джинсы,350,200,151,150,110,
джинсы карго,407 789,84 944,,,(ID) 180 - Джинсы,902,901,550,550,500,
sokolov,405 507,77 051
тренч,404 472,78 483,,,(ID) 193 - Тренчкот,1120,1001,1000,901,765,
фен для волос,404 376,77 500
пиджак,401 355,78 031,,,(ID) 149 - Пиджак,1371,900,590,589,588,
джорданы,400 758,86 601,,,(ID) 105 - Кроссовки,150,110,100,100,90,
коврик для ванной,398 493,88 115,,,(ID) 1625 - Коврик Для Ванной,1330,1304,1303,1302,1051,
бомбер мужской,398 219,86 889,,,(ID) 1635 - Бомбер,2432,2431,1934,1601,1601,
румяна,397 338,79 862,,,(ID) 355 - Румяна,104,100,80,71,,
юбка шорты,395 819,83 760,,,(ID) 38 - Юбка,514,471,469,250,230,
ноутбук,394 746,83 795,,,(ID) 2290 - Ноутбук,529,529,528,528,528,
игрушки,394 603,82 075
резиновые сапоги женские,391 975,53 453,,,(ID) 283 - Резиновые сапоги,209,209,208,196,195,
часы настенные,388 991,83 428,,,(ID) 625 - Часы Настенные,402,401,365,333,333,
костюм,388 804,84 787,,,(ID) 177 - Костюм,2249,667,530,462,453,
кросовки,388 563,85 670,,,(ID) 105 - Кроссовки,501,292,253,252,230,
samsung,388 245,87 126
стеллаж,388 162,85 146,,,(ID) 1901 - Стеллаж,1702,903,902,901,900,
кожаная куртка,386 041,75 684,,,(ID) 2110 - Косуха,2254,1450,1431,1430,1395,
бальзам для волос,385 823,86 896,,,(ID) 377 - Бальзам,0,0,0,1600,313,
кроссовки мужские летние,383 723,104 484,,,(ID) 105 - Кроссовки,292,200,187,165,151,
рюкзак мужской,383 677,84 167,,,(ID) 138 - Рюкзак,1353,1296,1289,1288,1277,
браслет женский,383 257,65 461,,,(ID) 201 - Браслет,600,501,304,303,265,
смарт часы,383 007,73 944,,,(ID) 787 - Смарт Часы,2042,2042,2042,2042,2042,
серьги бижутерия,381 705,84 001,,,(ID) 203 - Серьги,750,525,524,522,500,
обувь,381 685,78 726
пудра,380 943,78 260
юбка джинсовая,379 335,96 789,,,(ID) 38 - Юбка,670,475,475,474,460,
велосипед,379 078,109 102,,,(ID) 2151 - Велосипед двухколесный,205,200,200,200,200,
штаны мужские,378 642,84 034,,,(ID) 11 - Штаны Мужские,1706,1703,1613,1170,1169,
искусственные цветы,378 169,88 827,,,(ID) 1156 - Искусственное растение,123,,,,,
victoria's secret,377 944,71 174,,,(ID) 165 - Комплект белья,60,50,65,501,176,
бисер,376 771,79 350,,,(ID) 4954 - Бисер,1413,1413,1412,1412,1410,
повязка на голову,373 978,86 218,,,(ID) 256 - Повязка на голову,699,413,330,312,205,
масло для губ,373 778,70 285,,,(ID) 362 - Масло,180,100,55,51,50,
пылесос,373 260,78 277,,,(ID) 710 - Пылесос,2279,2000,1553,490,250,
велосипедки женские,372 653,88 425,,,(ID) 3835 - Велосипедки Женские,1331,1086,1085,863,862,
стринги,371 386,78 394,,,(ID) 133 - Трусы,1915,1393,1393,1392,1268,
кушон,371 366,74 824
сумки,371 024,76 064
костюмы,369 384,79 826
сушилка для белья,369 372,76 088,,,(ID) 2159 - Сушилка для белья,605,604,603,600,600,
топы,368 409,79 491,,,(ID) 185 - Топ,593,474,472,472,397,
сыворотка для лица,367 832,74 128,,,(ID) 372 - Сыворотка,5501,1550,1541,1539,1500,
блендер,367 178,80 354,,,(ID) 614 - Блендер,1099,1000,602,600,350,
свадебное платье,366 794,82 511,,,(ID) 69 - Платье,606,605,503,451,450,
тени,365 784,71 770,,,(ID) 346 - Тени,800,757,756,755,553,
сабо женские,365 100,89 485,,,(ID) 98 - Сабо Женские,589,588,588,588,303,
карандаш для бровей,364 403,73 305,,,(ID) 350 - Косметический карандаш,650,321,320,220,212,
шапка женская,364 172,41 806,,,(ID) 82 - Шапка,991,984,984,983,983,
ботинки,363 538,50 269,,,(ID) 94 - Ботинки,700,483,405,402,400,
масло для волос,362 228,76 194,,,(ID) 362 - Масло,0,0,0,650,455,
женская одежда,362 097,76 841,,,(ID) 148 - Леггинсы,873,871,861,861,852,
бейсболка мужская,361 810,94 351,,,(ID) 84 - Бейсболка Мужская,518,517,405,404,400,
спрей для волос,361 779,74 402,,,(ID) 436 - Спрей,1271,1271,1200,631,630,
коврик для йоги,361 766,75 337,,,(ID) 388 - Коврик Для Йоги,1200,1000,888,887,885,
лак для ногтей,361 680,77 445,,,(ID) 345 - Лак для ногтей,290,290,290,191,190,
crocs женские,360 498,87 419
ботильоны,359 651,50 511,,,(ID) 343 - Ботильоны,405,307,306,260,178,
презервативы,358 998,83 742,,,(ID) 2865 - Презервативы,1184,1184,1184,1183,1183,
сарафан женский,358 309,53 153,,,(ID) 70 - Сарафан Женский,810,450,418,355,331,
сапоги женские,357 825,39 080,,,(ID) 99 - Сапоги Женские,363,170,162,151,150,
reebok,357 544,80 172
платье женское вечернее,354 829,76 015,,,(ID) 69 - Платье,1072,890,850,761,734,
браслет,354 380,69 667,,,(ID) 201 - Браслет,3984,600,500,444,408,
тинт,353 064,75 408,,,(ID) 1918 - Тинт для губ,351,300,290,289,276,
косметика для макияжа,352 898,75 911,,,(ID) 354 - Основа под макияж,100,100,52,550,350,
горшок для цветов,350 211,71 589,,,(ID) 870 - Кашпо,502,300,300,203,202,
пенка для умывания,350 099,72 512,,,(ID) 367 - Пенка,1005,1000,950,950,941,
весенняя куртка женская,349 109,37 190,,,(ID) 168 - Куртка,1691,1684,1683,1683,1681,
корзина для белья,348 282,76 902,,,(ID) 1181 - Корзина Для Белья,400,382,380,380,377,
кроссовки женские весна,348 136,58 917,,,(ID) 105 - Кроссовки,1550,577,565,503,503,
наушники проводные,347 588,75 269,,,(ID) 593 - Наушники,802,799,783,782,487,
парные браслеты,347 550,72 068,,,(ID) 201 - Браслет,3984,645,644,600,400,
мицеллярная вода,345 257,72 271
шторы блэкаут,345 159,83 449,,,(ID) 451 - Шторы интерьерные,1811,1810,1015,1015,1014,
микроволновка,344 705,76 854
чемодан,344 049,72 589,,,(ID) 1161 - Чемодан,674,673,671,330,329,
sela девочки,343 314,77 975
конфеты,342 815,78 002,,,(ID) 2884 - Конфеты,820,194,150,150,130,
жилетка женская весна,342 210,94 147,,,(ID) 156 - Жилет,754,710,709,700,420,
резиновые сапоги детские,341 196,37 334,,,(ID) 283 - Резиновые Сапоги Детские,977,977,976,976,976,
косуха,340 771,75 582
костюм для девочки,339 386,75 734
шопер,338 109,66 878,,,(ID) 2318 - Сумка хозяйственная,698,487,485,485,456,
швабра с отжимом,338 038,74 170
свитшот мужской,337 385,73 929,,,(ID) 159 - Свитшот,430,430,328,326,299,
наклейки для ногтей,337 347,70 815,,,(ID) 457 - Декор для маникюра,718,562,561,556,555,
робот пылесос,336 110,70 959,,,(ID) 2791 - Робот Пылесос,1570,1569,1568,851,850,
чокер,333 818,69 197,,,(ID) 1689 - Чокер,345,344,342,340,327,
джинсы для девочки,331 619,77 091,,,(ID) 180 - Джинсы,707,706,703,701,701,
куртка мужская демисезонная,331 326,38 389,,,(ID) 168 - Куртка,2550,2532,2531,2530,2530,
брюки палаццо,330 201,72 490,,,(ID) 11 - Брюки,1928,1927,1517,1508,1507,
платья,329 415,71 035,,,(ID) 69 - Платье,5000,761,750,552,504,
feelz,329 405,76 362
stone island,329 366,64 920
корейская косметика,328 520,61 088,,,(ID) 1526 - Маска тканевая косметическая,2090,620,150,110,52,
футболки мужские,328 509,75 541,,,(ID) 192 - Футболки Мужские,926,921,920,919,701,
зубная щетка,328 114,73 196,,,(ID) 557 - Электрическая зубная щетка,552,355,301,301,300,
подушка,326 329,75 829,,,(ID) 336 - Подушка,3803,638,637,636,351,
gloria jeans для мальчиков,326 041,76 817
ботильоны на каблуке,324 620,44 798,,,(ID) 343 - Ботильоны,405,355,307,306,261,
повербанк,324 410,69 205,,,(ID) 468 - Повербанк,1745,1744,1743,1742,1741,
куртки женские весна,323 284,42 310,,,(ID) 168 - Куртка,1693,1692,1691,1691,1689,
lego,323 040,68 428
патчи,322 613,59 885,,,(ID) 3356 - Патчи,1524,891,890,886,885,
швабра,322 059,70 160,,,(ID) 1594 - Швабра,1656,1655,1654,956,955,
шкатулка для украшений,321 722,53 230,,,(ID) 27 - Шкатулка Для Украшений,1000,950,705,704,700,
брючный костюм женский,321 085,69 423,,,(ID) 177 - Костюм,2248,1000,960,900,848,
босоножки на каблуке,320 928,77 493,,,(ID) 93 - Босоножки,501,500,500,461,409,
семена,320 730,61 403,,,(ID) 2915 - Семена,1000,653,650,401,400,
палетка теней,319 589,63 773,,,(ID) 346 - Тени,757,756,755,553,551,
футболка оверсайз женская,319 172,75 898,,,(ID) 192 - Футболка,515,514,512,461,396,
пасхальный декор,319 142,100 758,,,(ID) 3421 - Декор для выпечки,56,70,110,93,,
куртка демисезонная женская,319 052,38 584,,,(ID) 168 - Куртка,1692,1691,1689,1689,1687,
geox,317 959,77 171
джоггеры мужские,315 912,69 704,,,(ID) 11 - Брюки,1883,1882,1865,1864,1862,
толстовка мужская,315 435,65 723,,,(ID) 233 - Толстовка,299,206,205,164,151,
зеркало,315 149,62 395,,,(ID) 1489 - Зеркало косметическое,936,730,487,334,300,
туалетная бумага,315 017,69 325,,,(ID) 933 - Туалетная Бумага,932,931,,,,
летнее платье,314 881,72 833
одежда,313 663,64 452,,,(ID) 148 - Леггинсы,1002,873,861,861,854,
кроссовки женские белые,312 995,80 423,,,(ID) 105 - Кроссовки,1551,580,578,472,404,
стул,312 890,67 940,,,(ID) 1714 - Стул,1100,1081,1076,1076,1001,
платье женское повседневное,310 594,59 452,,,(ID) 69 - Платье,816,750,552,551,550,
одежда женская,310 570,62 444,,,(ID) 148 - Леггинсы,1002,873,861,861,854,
mango женское,310 456,63 379
воск для депиляции,310 109,65 482,,,(ID) 1248 - Воск для депиляции,1960,1960,1960,1954,801,
покрывало на кровать,309 846,74 884,,,(ID) 1182 - Покрывало,824,822,822,822,822,
нижнее белье,309 750,67 588
подводка,308 910,62 163,,,(ID) 351 - Жидкая подводка,750,660,444,400,215,
лосины,308 658,63 940,,,(ID) 148 - Леггинсы,879,878,878,875,874,
жилетка,307 184,70 618,,,(ID) 156 - Жилет,605,603,601,500,500,
слипоны женские,306 608,78 926,,,(ID) 396 - Слипоны Женские,252,251,250,175,175,
обувь мужская,306 525,68 032
домашний костюм женский,306 389,54 894,,,(ID) 177 - Костюм,2247,1017,812,731,700,
люстра потолочная,306 242,74 135,,,(ID) 1158 - Люстра,2984,2876,2875,2874,1617,
косметичка женская,305 923,54 055,,,(ID) 305 - Косметичка Женская,1404,778,777,594,593,
жилет женский утепленный,305 755,59 067,,,(ID) 156 - Жилет,1216,1214,713,711,710,
the act,305 580,64 536
сапоги женские весна,304 757,25 617,,,(ID) 99 - Сапоги,587,502,501,363,213,
набор косметики,304 705,50 132,,,(ID) 403 - Косметический набор для ухода,905,705,704,700,663,
гель лак для ногтей,303 034,64 694,,,(ID) 721 - Гель-лак,350,350,350,350,189,
джинсовая куртка женская,302 902,71 505,,,(ID) 168 - Куртка,1593,542,542,541,541,
мармелад,301 904,66 248,,,(ID) 2879 - Мармелад,300,300,152,90,89,
чехол на iphone 14,301 297,72 910
платье женское праздничное,301 077,55 996,,,(ID) 69 - Платье,900,862,804,752,751,
айфон,300 488,66 879
сланцы женские,299 197,69 673,,,(ID) 107 - Сланцы Женские,307,306,209,209,208,
gloria jeans для девочек,298 953,66 106
calvin klein,298 945,61 375
oodji,298 918,61 535
маникюрный аппарат,298 837,6 007,,,(ID) 3313 - Маникюрный Аппарат,1706,1705,1704,1704,1350,
балетки женские,298 560,68 698,,,(ID) 33 - Балетки Женские,375,375,153,152,130,
капсулы для стирки,298 527,67 019,,,(ID) 2673 - Капсулы Для Стирки,0,0,0,0,0,
avon,298 312,60 921,,,(ID) 356 - Духи,59,61,60,99,,
колготки,298 235,57 088,,,(ID) 213 - Колготки,252,251,168,165,160,
бейсболка,297 896,73 711,,,(ID) 84 - Бейсболка,436,435,435,432,431,
блокнот,297 785,61 397,,,(ID) 661 - Блокнот,500,499,346,345,343,
спонж для макияжа,296 437,60 676,,,(ID) 499 - Спонж Для Макияжа,501,500,403,383,351,
алмазная мозаика на подрамнике,296 038,58 368,,,(ID) 6422 - Алмазная мозаика,230,212,200,180,171,
подарочный набор,295 938,43 439,,,(ID) 1624 - Набор декоративной косметики,151,150,53,51,51,
asics,295 410,67 323
чайник заварочный,295 185,54 180,,,(ID) 2144 - Чайник Заварочный,610,609,609,609,607,
корсет вечерний,295 022,59 754,,,(ID) 74 - Корсет,575,500,498,497,417,
парные кольца,295 004,60 936,,,(ID) 24 - Кольцо,362,253,253,120,103,
настольные игры,294 594,60 101,,,(ID) 120 - Настольная игра,757,670,663,661,660,
aravia,294 306,54 890
ковер,294 305,66 110,,,(ID) 7161 - Ковер,1445,1444,1440,1227,1202,
масло для кутикулы,294 293,57 778,,,(ID) 362 - Масло,901,900,623,622,603,
чай,293 900,57 595,,,(ID) 406 - Чай,2010,901,900,804,761,
коллаген,293 474,59 825,,,(ID) 1103 - Добавка для суставов и связок,751,750,571,570,569,
converse,293 008,71 061
сухоцветы,291 812,54 459,,,(ID) 4329 - Сухоцветы,489,202,201,201,200,
резиновые сапоги,291 700,38 873,,,(ID) 283 - Резиновые сапоги,1402,1401,900,330,252,
кольцо женское,291 389,58 566,,,(ID) 54 - Ювелирное кольцо,1930,1930,1930,574,540,
тапочки,290 256,59 614,,,(ID) 106 - Тапочки,800,795,551,551,550,
ночник,289 782,55 569,,,(ID) 1673 - Ночник,3517,3503,3117,2580,1761,
летнее платье женское,289 633,73 188,,,(ID) 69 - Платье,986,961,809,800,751,
топ спортивный,289 463,61 929,,,(ID) 5215 - Топ спортивный,1003,903,765,555,554,
рулонные шторы,288 869,68 494,,,(ID) 1621 - Рулонные Шторы,700,366,366,364,327,
посуда,288 791,59 769,,,(ID) 829 - Набор столовых приборов,500,353,200,111,52,
серьги серебро,288 553,53 185,,,(ID) 207 - Ювелирные серьги,1401,854,853,853,852,
gloria jeans девочки,287 663,67 853
колготки для девочки,287 514,55 175,,,(ID) 213 - Колготки,892,891,890,807,802,
вешалка напольная,286 861,62 973
топик,286 706,58 937,,,(ID) 185 - Топ,1581,473,472,399,396,
обувница,286 341,68 453,,,(ID) 4341 - Обувница,887,887,887,885,884,
лак для волос,286 231,62 807,,,(ID) 1671 - Лак Для Волос,513,512,490,174,91,
шорты для мальчика,285 923,69 245,,,(ID) 151 - Шорты,550,456,261,260,233,
стол кухонный,285 459,64 146,,,(ID) 7648 - Стол обеденный,1090,414,414,414,413,
диван,285 256,65 632,,,(ID) 2519 - Диван,57,,,,,
куртка весна женская,284 798,30 243,,,(ID) 168 - Куртка,1691,1672,1672,1664,1663,
кофемашина,283 920,90 396,,,(ID) 631 - Кофеварка,800,799,793,705,250,
картины по номерам,282 956,56 483,,,(ID) 4144 - Картины По Номерам,450,411,248,248,247,
мокасины женские,282 470,68 656,,,(ID) 95 - Мокасины Женские,371,365,364,363,362,
брюки карго женские,282 466,64 476,,,(ID) 11 - Брюки,2000,1850,1701,1700,1627,
шорты женские летние,281 545,49 927,,,(ID) 151 - Шорты,1200,853,850,850,803,
электронная сигарета,280 248,60 696,,,(ID) 6998 - <неизвестно>,50,,,,,
колонка,280 188,60 871,,,(ID) 520 - Колонка,2005,2004,2003,2000,2000,
crockid,279 962,54 216
книги,279 105,54 686
белье женское комплект,278 152,57 354,,,(ID) 165 - Белье Женское Комплект,1501,1119,1118,1117,1116,
сарафан,277 741,62 300,,,(ID) 70 - Сарафан,450,361,360,355,251,
комплект белья,277 709,58 188,,,(ID) 165 - Комплект белья,1502,1501,1025,1024,1020,
платье рубашка,277 101,59 042,,,(ID) 69 - Платье,501,500,500,500,500,
